customer_id,customer_name,email,registration_date,customer_type
CUST0001,Vikram Patel 1,vikrampatel1@gmail.com,2022-10-21,VIP
CUST0002,Priya Sharma 2,priyasharma2@gmail.com,2022-08-24,VIP
CUST0003,Divya Nair 3,divyanair3@gmail.com,2023-09-14,REGULAR
CUST0004,Karan Joshi 4,karanjoshi4@gmail.com,2022-12-27,PREMIUM
CUST0005,Karan Joshi 5,karanjoshi5@gmail.com,2022-08-13,VIP
CUST0006,Sneha Gupta 6,snehagupta6@gmail.com,2023-10-14,PREMIUM
CUST0007,Vikram Patel 7,vikrampatel7@gmail.com,2022-07-14,VIP
CUST0008,Aditya Shah 8,adityashah8@gmail.com,2023-09-28,REGULAR
CUST0009,Ananya Singh 9,ananyasingh9@gmail.com,2022-09-14,REGULAR
CUST0010,Riya Bose 10,riyabose10@gmail.com,2023-11-26,PREMIUM
CUST0011,Raj Malhotra 11,rajmalhotra11@gmail.com,2023-11-07,REGULAR
CUST0012,Rahul Verma 12,rahulverma12@gmail.com,2023-11-29,PREMIUM
CUST0013,Priya Sharma 13,priyasharma13@gmail.com,2022-05-21,VIP
CUST0014,Ananya Singh 14,ananyasingh14@gmail.com,2023-10-06,REGULAR
CUST0015,Pooja Reddy 15,poojareddy15@gmail.com,2022-04-10,VIP
CUST0016,Karan Joshi 16,karanjoshi16@gmail.com,2023-10-05,VIP
CUST0017,Meera Chopra 17,meerachopra17@gmail.com,2023-10-24,REGULAR
CUST0018,Suresh Rao 18,sureshrao18@gmail.com,2022-02-10,REGULAR
CUST0019,Priya Sharma 19,priyasharma19@gmail.com,2022-11-13,REGULAR
CUST0020,Aditya Shah 20,adityashah20@gmail.com,2023-03-28,VIP
CUST0021,Pooja Reddy 21,poojareddy21@gmail.com,2022-02-04,PREMIUM
CUST0022,Aditya Shah 22,adityashah22@gmail.com,2023-08-17,PREMIUM
CUST0023,Raj Malhotra 23,rajmalhotra23@gmail.com,2023-01-09,VIP
CUST0024,Karan Joshi 24,karanjoshi24@gmail.com,2022-05-15,VIP
CUST0025,Kavya Pillai 25,kavyapillai25@gmail.com,2022-04-03,VIP
CUST0026,Riya Bose 26,riyabose26@gmail.com,2022-10-30,REGULAR
CUST0027,Divya Nair 27,divyanair27@gmail.com,2022-12-01,PREMIUM
CUST0028,Priya Sharma 28,priyasharma28@gmail.com,2023-03-02,PREMIUM
CUST0029,Arjun Mehta 29,arjunmehta29@gmail.com,2022-06-29,PREMIUM
CUST0030,Raj Malhotra 30,rajmalhotra30@gmail.com,2022-07-25,PREMIUM
CUST0031,Neha Agarwal 31,nehaagarwal31@gmail.com,2022-05-16,PREMIUM
CUST0032,Divya Nair 32,divyanair32@gmail.com,2023-07-07,PREMIUM
CUST0033,Sneha Gupta 33,snehagupta33@gmail.com,2023-01-10,VIP
CUST0034,Pooja Reddy 34,poojareddy34@gmail.com,2023-06-28,VIP
CUST0035,Neha Agarwal 35,nehaagarwal35@gmail.com,2023-05-29,REGULAR
CUST0036,Vikram Patel 36,vikrampatel36@gmail.com,2022-10-07,VIP
CUST0037,Ananya Singh 37,ananyasingh37@gmail.com,2022-06-18,VIP
CUST0038,Swati Mishra 38,swatimishra38@gmail.com,2022-09-21,PREMIUM
CUST0039,Vikram Patel 39,vikrampatel39@gmail.com,2023-05-09,REGULAR
CUST0040,Amit Kumar 40,amitkumar40@gmail.com,2022-10-30,PREMIUM
CUST0041,Amit Kumar 41,amitkumar41@gmail.com,2022-12-13,REGULAR
CUST0042,Suresh Rao 42,sureshrao42@gmail.com,2022-04-28,VIP
CUST0043,Divya Nair 43,divyanair43@gmail.com,2023-04-25,VIP
CUST0044,Rahul Verma 44,rahulverma44@gmail.com,2022-03-19,PREMIUM
CUST0045,Kavya Pillai 45,kavyapillai45@gmail.com,2022-05-25,PREMIUM
CUST0046,Aditya Shah 46,adityashah46@gmail.com,2022-08-20,PREMIUM
CUST0047,Vikram Patel 47,vikrampatel47@gmail.com,2023-11-24,VIP
CUST0048,Swati Mishra 48,swatimishra48@gmail.com,2023-11-22,VIP
CUST0049,Ananya Singh 49,ananyasingh49@gmail.com,2023-02-11,VIP
CUST0050,Aditya Shah 50,adityashah50@gmail.com,2023-07-25,REGULAR
CUST0051,Rohan Iyer 51,rohaniyer51@gmail.com,2023-01-10,PREMIUM
CUST0052,Suresh Rao 52,sureshrao52@gmail.com,2022-04-03,REGULAR
CUST0053,Amit Kumar 53,amitkumar53@gmail.com,2023-02-09,VIP
CUST0054,Riya Bose 54,riyabose54@gmail.com,2022-01-15,VIP
CUST0055,Pooja Reddy 55,poojareddy55@gmail.com,2022-09-28,REGULAR
CUST0056,Ananya Singh 56,ananyasingh56@gmail.com,2023-07-04,PREMIUM
CUST0057,Rahul Verma 57,rahulverma57@gmail.com,2022-05-07,PREMIUM
CUST0058,Karan Joshi 58,karanjoshi58@gmail.com,2023-04-11,VIP
CUST0059,Rohan Iyer 59,rohaniyer59@gmail.com,2023-01-13,VIP
CUST0060,Ananya Singh 60,ananyasingh60@gmail.com,2023-11-20,VIP
CUST0061,Karan Joshi 61,karanjoshi61@gmail.com,2023-11-20,PREMIUM
CUST0062,Vikram Patel 62,vikrampatel62@gmail.com,2022-09-26,REGULAR
CUST0063,Swati Mishra 63,swatimishra63@gmail.com,2023-08-22,VIP
CUST0064,Divya Nair 64,divyanair64@gmail.com,2023-01-26,VIP
CUST0065,Kavya Pillai 65,kavyapillai65@gmail.com,2023-10-16,REGULAR
CUST0066,Amit Kumar 66,amitkumar66@gmail.com,2023-01-16,PREMIUM
CUST0067,Arjun Mehta 67,arjunmehta67@gmail.com,2022-04-21,VIP
CUST0068,Amit Kumar 68,amitkumar68@gmail.com,2023-11-23,PREMIUM
CUST0069,Amit Kumar 69,amitkumar69@gmail.com,2022-08-28,VIP
CUST0070,Pooja Reddy 70,poojareddy70@gmail.com,2023-04-28,PREMIUM
CUST0071,Divya Nair 71,divyanair71@gmail.com,2022-01-26,REGULAR
CUST0072,Ananya Singh 72,ananyasingh72@gmail.com,2023-09-27,VIP
CUST0073,Suresh Rao 73,sureshrao73@gmail.com,2023-07-29,VIP
CUST0074,Arjun Mehta 74,arjunmehta74@gmail.com,2022-12-02,VIP
CUST0075,Aditya Shah 75,adityashah75@gmail.com,2023-09-17,VIP
CUST0076,Karan Joshi 76,karanjoshi76@,2022-08-15,VIP
CUST0077,Arjun Mehta 77,arjunmehta77@gmail.com,2023-10-26,REGULAR
CUST0078,Kavya Pillai 78,kavyapillai78@gmail.com,2022-03-06,VIP
CUST0079,Swati Mishra 79,swatimishra79@gmail.com,2023-10-13,VIP
CUST0080,Divya Nair 80,divyanair80@gmail.com,2023-04-21,PREMIUM
CUST0081,Aditya Shah 81,adityashah81@gmail.com,2023-12-19,VIP
CUST0082,Karan Joshi 82,karanjoshi82@gmail.com,2022-11-06,PREMIUM
CUST0083,Neha Agarwal 83,nehaagarwal83@gmail.com,2023-10-27,REGULAR
CUST0084,Rahul Verma 84,rahulverma84@gmail.com,2023-02-23,PREMIUM
CUST0085,Karan Joshi 85,karanjoshi85@gmail.com,2022-04-30,PREMIUM
CUST0086,Rahul Verma 86,rahulverma86@gmail.com,2022-05-24,REGULAR
CUST0087,Neha Agarwal 87,nehaagarwal87@gmail.com,2022-02-16,REGULAR
CUST0088,Swati Mishra 88,swatimishra88@gmail.com,2022-02-08,PREMIUM
CUST0089,Divya Nair 89,divyanair89@gmail.com,2022-11-08,PREMIUM
CUST0090,Ananya Singh 90,ananyasingh90@gmail.com,2023-05-20,REGULAR
CUST0091,Pooja Reddy 91,poojareddy91@gmail.com,2022-04-29,REGULAR
CUST0092,Riya Bose 92,riyabose92@gmail.com,2022-04-10,REGULAR
CUST0093,Neha Agarwal 93,nehaagarwal93@gmail.com,2022-08-29,REGULAR
CUST0094,Pooja Reddy 94,poojareddy94@gmail.com,2023-07-05,REGULAR
CUST0095,Siddharth Das 95,siddharthdas95@gmail.com,2022-05-19,PREMIUM
CUST0096,Swati Mishra 96,swatimishra96@gmail.com,2023-02-02,REGULAR
CUST0097,Kavya Pillai 97,kavyapillai97@gmail.com,2023-04-10,VIP
CUST0098,Sneha Gupta 98,snehagupta98@gmail.com,2023-01-15,VIP
CUST0099,Divya Nair 99,divyanair99@gmail.com,2023-11-18,VIP
CUST0100,Sneha Gupta 100,snehagupta100@gmail.com,2023-12-15,VIP
CUST0101,Karan Joshi 101,karanjoshi101@gmail.com,2023-07-08,REGULAR
CUST0102,Aditya Shah 102,adityashah102@gmail.com,2023-03-06,VIP
CUST0103,Aditya Shah 103,adityashah103@gmail.com,2023-08-25,PREMIUM
CUST0104,Divya Nair 104,divyanair104@gmail.com,2022-06-08,VIP
CUST0105,Riya Bose 105,riyabose105@gmail.com,2023-03-01,REGULAR
CUST0106,Raj Malhotra 106,rajmalhotra106@gmail.com,2023-11-02,VIP
CUST0107,Riya Bose 107,riyabose107@gmail.com,2022-04-12,PREMIUM
CUST0108,Swati Mishra 108,swatimishra108@gmail.com,2023-05-17,REGULAR
CUST0109,Amit Kumar 109,amitkumar109@gmail.com,2023-09-23,REGULAR
CUST0110,Karan Joshi 110,karanjoshi110@gmail.com,2023-02-22,REGULAR
CUST0111,Sneha Gupta 111,snehagupta111@gmail.com,2022-10-14,VIP
CUST0112,Meera Chopra 112,meerachopra112@gmail.com,2022-02-03,VIP
CUST0113,Siddharth Das 113,siddharthdas113@gmail.com,2023-12-08,REGULAR
CUST0114,Ananya Singh 114,ananyasingh114@gmail.com,2023-01-15,VIP
CUST0115,Rahul Verma 115,rahulverma115@gmail.com,2022-08-11,PREMIUM
CUST0116,Vikram Patel 116,vikrampatel116@gmail.com,2023-03-31,REGULAR
CUST0117,Sneha Gupta 117,snehagupta117@gmail.com,2023-04-01,PREMIUM
CUST0118,Arjun Mehta 118,arjunmehta118@gmail.com,2022-08-30,PREMIUM
CUST0119,Raj Malhotra 119,rajmalhotra119@gmail.com,2023-01-07,VIP
CUST0120,Suresh Rao 120,sureshrao120@gmail.com,2022-04-12,VIP
CUST0121,Ananya Singh 121,ananyasingh121@gmail.com,2023-12-04,REGULAR
CUST0122,Swati Mishra 122,swatimishra122@gmail.com,2023-01-12,PREMIUM
CUST0123,Swati Mishra 123,swatimishra123@gmail.com,2023-07-12,VIP
CUST0124,Suresh Rao 124,sureshrao124@gmail.com,2023-10-23,PREMIUM
CUST0125,Kavya Pillai 125,kavyapillai125@gmail.com,2023-01-03,VIP
CUST0126,Meera Chopra 126,meerachopra126@gmail.com,2022-03-04,PREMIUM
CUST0127,Divya Nair 127,divyanair127@gmail.com,2023-02-12,REGULAR
CUST0128,Aditya Shah 128,adityashah128@gmail.com,2022-10-10,VIP
CUST0129,Priya Sharma 129,priyasharma129@gmail.com,2022-07-14,REGULAR
CUST0130,Vikram Patel 130,vikrampatel130@gmail.com,2022-05-06,PREMIUM
CUST0131,Aditya Shah 131,adityashah131@gmail.com,2023-04-11,PREMIUM
CUST0132,Divya Nair 132,divyanair132@gmail.com,2022-04-04,REGULAR
CUST0133,Neha Agarwal 133,nehaagarwal133@gmail.com,2023-11-10,PREMIUM
CUST0134,Vikram Patel 134,vikrampatel134@gmail.com,2022-08-06,VIP
CUST0135,Rohan Iyer 135,rohaniyer135@gmail.com,2023-10-20,VIP
CUST0136,Raj Malhotra 136,rajmalhotra136@gmail.com,2023-10-17,PREMIUM
CUST0137,Arjun Mehta 137,arjunmehta137@gmail.com,2023-09-04,PREMIUM
CUST0138,Kavya Pillai 138,kavyapillai138@gmail.com,2022-01-22,PREMIUM
CUST0139,Priya Sharma 139,priyasharma139@gmail.com,2022-02-21,PREMIUM
CUST0140,Divya Nair 140,divyanair140@gmail.com,2022-12-08,VIP
CUST0141,Meera Chopra 141,meerachopra141@gmail.com,2022-09-07,VIP
CUST0142,Arjun Mehta 142,arjunmehta142@gmail.com,2022-05-09,PREMIUM
CUST0143,Meera Chopra 143,meerachopra143@gmail.com,2023-08-02,REGULAR
CUST0144,Vikram Patel 144,vikrampatel144@gmail.com,2022-07-30,REGULAR
CUST0145,Rohan Iyer 145,rohaniyer145@gmail.com,2022-03-12,VIP
CUST0146,Meera Chopra 146,meerachopra146@gmail.com,2023-07-22,REGULAR
CUST0147,Suresh Rao 147,sureshrao147@gmail.com,2022-08-01,PREMIUM
CUST0148,Pooja Reddy 148,poojareddy148@gmail.com,2023-08-24,REGULAR
CUST0149,Sneha Gupta 149,snehagupta149@gmail.com,2022-08-10,VIP
CUST0150,Amit Kumar 150,amitkumar150@gmail.com,2022-08-27,PREMIUM
CUST0151,Arjun Mehta 151,arjunmehta151@gmail.com,2022-12-03,PREMIUM
CUST0152,Aditya Shah 152,adityashah152@gmail.com,2022-06-01,VIP
CUST0153,Meera Chopra 153,meerachopra153@gmail.com,2023-09-03,REGULAR
CUST0154,Priya Sharma 154,priyasharma154@gmail.com,2022-01-03,VIP
CUST0155,Suresh Rao 155,sureshrao155@gmail.com,2022-10-11,VIP
CUST0156,Neha Agarwal 156,nehaagarwal156@gmail.com,2022-05-29,REGULAR
CUST0157,Siddharth Das 157,siddharthdas157@gmail.com,2022-05-14,PREMIUM
CUST0158,Priya Sharma 158,priyasharma158@gmail.com,2023-07-08,REGULAR
CUST0159,Vikram Patel 159,vikrampatel159@gmail.com,2022-09-14,REGULAR
CUST0160,Amit Kumar 160,amitkumar160@gmail.com,2022-06-28,PREMIUM
CUST0161,Rohan Iyer 161,rohaniyer161gmail.com,2022-04-23,PREMIUM
CUST0162,Karan Joshi 162,karanjoshi162@gmail.com,2023-11-08,VIP
CUST0163,Rahul Verma 163,rahulverma163@gmail.com,2022-01-27,REGULAR
CUST0164,Karan Joshi 164,karanjoshi164@gmail.com,2022-05-15,PREMIUM
CUST0165,Riya Bose 165,riyabose165@gmail.com,2022-01-16,REGULAR
CUST0166,Ananya Singh 166,ananyasingh166@gmail.com,2023-01-02,REGULAR
CUST0167,Ananya Singh 167,ananyasingh167@gmail.com,2022-09-01,PREMIUM
CUST0168,Siddharth Das 168,siddharthdas168@gmail.com,2023-08-26,PREMIUM
CUST0169,Ananya Singh 169,ananyasingh169@gmail.com,2022-11-28,REGULAR
CUST0170,Aditya Shah 170,adityashah170@gmail.com,2022-01-17,PREMIUM
CUST0171,Sneha Gupta 171,snehagupta171@gmail.com,2022-06-28,REGULAR
CUST0172,Sneha Gupta 172,snehagupta172@gmail.com,2022-09-29,PREMIUM
CUST0173,Siddharth Das 173,siddharthdas173@gmail.com,2022-02-23,VIP
CUST0174,Aditya Shah 174,adityashah174@gmail.com,2022-05-10,PREMIUM
CUST0175,Arjun Mehta 175,arjunmehta175@gmail.com,2023-03-08,REGULAR
CUST0176,Divya Nair 176,divyanair176@gmail.com,2023-06-23,PREMIUM
CUST0177,Meera Chopra 177,meerachopra177@gmail.com,2022-04-27,REGULAR
CUST0178,Suresh Rao 178,sureshrao178@gmail.com,2022-03-07,PREMIUM
CUST0179,Raj Malhotra 179,rajmalhotra179@gmail.com,2023-05-03,REGULAR
CUST0180,Pooja Reddy 180,poojareddy180@gmail.com,2023-04-05,REGULAR
CUST0181,Aditya Shah 181,adityashah181@gmail.com,2023-01-06,PREMIUM
CUST0182,Pooja Reddy 182,poojareddy182@gmail.com,2023-06-10,REGULAR
CUST0183,Rohan Iyer 183,rohaniyer183@gmail.com,2023-08-31,VIP
CUST0184,Swati Mishra 184,swatimishra184@gmail.com,2022-04-22,VIP
CUST0185,Amit Kumar 185,amitkumar185@gmail.com,2023-04-08,PREMIUM
CUST0186,Kavya Pillai 186,kavyapillai186@gmail.com,2023-05-31,REGULAR
CUST0187,Meera Chopra 187,meerachopra187@gmail.com,2022-08-15,REGULAR
CUST0188,Kavya Pillai 188,kavyapillai188@gmail.com,2023-09-22,REGULAR
CUST0189,Vikram Patel 189,vikrampatel189@gmail.com,2022-02-14,PREMIUM
CUST0190,Karan Joshi 190,karanjoshi190@gmail.com,2023-11-06,PREMIUM
CUST0191,Karan Joshi 191,karanjoshi191@gmail.com,2023-06-18,VIP
CUST0192,Ananya Singh 192,ananyasingh192@gmail.com,2022-11-05,REGULAR
CUST0193,Neha Agarwal 193,nehaagarwal193@gmail.com,2023-04-15,VIP
CUST0194,Priya Sharma 194,priyasharma194@gmail.com,2023-10-21,PREMIUM
CUST0195,Riya Bose 195,riyabose195@gmail.com,2022-02-01,PREMIUM
CUST0196,Aditya Shah 196,adityashah196@gmail.com,2022-03-04,VIP
CUST0197,Karan Joshi 197,karanjoshi197@gmail.com,2023-05-06,REGULAR
CUST0198,Riya Bose 198,riyabose198@gmail.com,2023-02-16,REGULAR
CUST0199,Karan Joshi 199,karanjoshi199@gmail.com,2023-03-13,REGULAR
CUST0200,Priya Sharma 200,priyasharma200@gmail.com,2023-12-04,PREMIUM
CUST0201,Ananya Singh 201,ananyasingh201@gmail.com,2022-04-21,REGULAR
CUST0202,Rahul Verma 202,rahulverma202@gmail.com,2023-05-18,REGULAR
CUST0203,Karan Joshi 203,karanjoshi203@gmail.com,2023-12-31,VIP
CUST0204,Ananya Singh 204,ananyasingh204gmail.com,2023-03-31,VIP
CUST0205,Rahul Verma 205,rahulverma205@gmail.com,2022-03-17,VIP
CUST0206,Neha Agarwal 206,nehaagarwal206@gmail.com,2022-03-24,VIP
CUST0207,Ananya Singh 207,ananyasingh207@gmail.com,2022-11-26,PREMIUM
CUST0208,Meera Chopra 208,meerachopra208@gmail.com,2023-09-15,REGULAR
CUST0209,Karan Joshi 209,karanjoshi209@gmail.com,2022-06-01,PREMIUM
CUST0210,Divya Nair 210,divyanair210@gmail.com,2022-03-09,REGULAR
CUST0211,Siddharth Das 211,siddharthdas211@gmail.com,2022-05-10,PREMIUM
CUST0212,Pooja Reddy 212,poojareddy212@gmail.com,2022-10-09,REGULAR
CUST0213,Aditya Shah 213,adityashah213@gmail.com,2023-10-02,REGULAR
CUST0214,Sneha Gupta 214,snehagupta214@gmail.com,2023-10-11,REGULAR
CUST0215,Riya Bose 215,riyabose215@gmail.com,2023-08-23,PREMIUM
CUST0216,Riya Bose 216,riyabose216@gmail.com,2023-07-16,VIP
CUST0217,Siddharth Das 217,siddharthdas217@gmail.com,2023-12-31,VIP
CUST0218,Karan Joshi 218,karanjoshi218@gmail.com,2022-11-29,PREMIUM
CUST0219,Siddharth Das 219,siddharthdas219@gmail.com,2023-01-26,REGULAR
CUST0220,Raj Malhotra 220,rajmalhotra220@gmail.com,2023-09-04,REGULAR
CUST0221,Pooja Reddy 221,poojareddy221@gmail.com,2023-06-28,PREMIUM
CUST0222,Vikram Patel 222,vikrampatel222@gmail.com,2022-10-29,VIP
CUST0223,Vikram Patel 223,vikrampatel223@gmail.com,2023-04-10,VIP
CUST0224,Raj Malhotra 224,rajmalhotra224@gmail.com,2023-06-02,REGULAR
CUST0225,Amit Kumar 225,amitkumar225@gmail.com,2023-09-12,VIP
CUST0226,Raj Malhotra 226,rajmalhotra226@gmail.com,2023-03-17,VIP
CUST0227,Raj Malhotra 227,rajmalhotra227@gmail.com,2022-04-12,VIP
CUST0228,Kavya Pillai 228,kavyapillai228@gmail.com,2023-12-20,REGULAR
CUST0229,Rahul Verma 229,rahulverma229@gmail.com,2022-04-28,VIP
CUST0230,Vikram Patel 230,vikrampatel230@gmail.com,2023-11-02,REGULAR
CUST0231,Rahul Verma 231,rahulverma231@gmail.com,2023-10-29,PREMIUM
CUST0232,Swati Mishra 232,swatimishra232@gmail.com,2023-07-19,PREMIUM
CUST0233,Neha Agarwal 233,nehaagarwal233@gmail.com,2022-08-09,REGULAR
CUST0234,Vikram Patel 234,vikrampatel234@gmail.com,2023-03-17,VIP
CUST0235,Karan Joshi 235,karanjoshi235@gmail.com,2023-04-08,PREMIUM
CUST0236,Pooja Reddy 236,poojareddy236@gmail.com,2022-08-22,REGULAR
CUST0237,Pooja Reddy 237,poojareddy237@gmail.com,2023-02-28,VIP
CUST0238,Aditya Shah 238,adityashah238@gmail.com,2022-12-14,PREMIUM
CUST0239,Kavya Pillai 239,kavyapillai239@gmail.com,2023-04-10,REGULAR
CUST0240,Sneha Gupta 240,snehagupta240@gmail.com,2023-02-13,VIP
CUST0241,Raj Malhotra 241,rajmalhotra241@gmail.com,2023-03-02,VIP
CUST0242,Arjun Mehta 242,arjunmehta242gmail.com,2022-04-08,REGULAR
CUST0243,Divya Nair 243,divyanair243@gmail.com,2022-11-17,VIP
CUST0244,Kavya Pillai 244,kavyapillai244@gmail.com,2023-03-14,PREMIUM
CUST0245,Karan Joshi 245,karanjoshi245@gmail.com,2022-11-17,REGULAR
CUST0246,Ananya Singh 246,ananyasingh246@gmail.com,2023-11-13,VIP
CUST0247,Kavya Pillai 247,kavyapillai247@gmail.com,2022-09-19,VIP
CUST0248,Aditya Shah 248,adityashah248@gmail.com,2023-01-19,VIP
CUST0249,Vikram Patel 249,vikrampatel249@gmail.com,2022-06-06,VIP
CUST0250,Rahul Verma 250,rahulverma250@gmail.com,2023-12-05,VIP
CUST0251,Aditya Shah 251,adityashah251@gmail.com,2023-05-01,REGULAR
CUST0252,Priya Sharma 252,priyasharma252@gmail.com,2022-03-10,PREMIUM
CUST0253,Ananya Singh 253,ananyasingh253@gmail.com,2022-04-04,PREMIUM
CUST0254,Karan Joshi 254,karanjoshi254@gmail.com,2022-03-29,REGULAR
CUST0255,Arjun Mehta 255,arjunmehta255@gmail.com,2022-04-06,VIP
CUST0256,Raj Malhotra 256,rajmalhotra256@gmail.com,2023-03-19,PREMIUM
CUST0257,Siddharth Das 257,siddharthdas257@gmail.com,2022-04-09,PREMIUM
CUST0258,Siddharth Das 258,siddharthdas258@gmail.com,2023-01-17,PREMIUM
CUST0259,Pooja Reddy 259,poojareddy259@gmail.com,2022-05-14,VIP
CUST0260,Swati Mishra 260,swatimishra260@gmail.com,2023-07-24,REGULAR
CUST0261,Rahul Verma 261,rahulverma261@gmail.com,2022-03-03,PREMIUM
CUST0262,Arjun Mehta 262,arjunmehta262@gmail.com,2023-08-24,REGULAR
CUST0263,Swati Mishra 263,swatimishra263@gmail.com,2023-07-30,PREMIUM
CUST0264,Priya Sharma 264,priyasharma264@gmail.com,2023-07-30,REGULAR
CUST0265,Swati Mishra 265,swatimishra265@gmail.com,2022-12-04,VIP
CUST0266,Divya Nair 266,divyanair266@gmail.com,2023-11-18,VIP
CUST0267,Kavya Pillai 267,kavyapillai267@gmail.com,2022-05-06,VIP
CUST0268,Rohan Iyer 268,rohaniyer268@gmail.com,2023-02-25,REGULAR
CUST0269,Raj Malhotra 269,rajmalhotra269@gmail.com,2022-12-29,VIP
CUST0270,Aditya Shah 270,adityashah270@gmail.com,2023-11-13,VIP
CUST0271,Siddharth Das 271,siddharthdas271@gmail.com,2023-03-10,PREMIUM
CUST0272,Sneha Gupta 272,snehagupta272@gmail.com,2022-02-22,REGULAR
CUST0273,Pooja Reddy 273,poojareddy273@gmail.com,2022-10-22,REGULAR
CUST0274,Rohan Iyer 274,rohaniyer274@gmail.com,2023-09-07,PREMIUM
CUST0275,Pooja Reddy 275,poojareddy275@gmail.com,2022-11-16,VIP
CUST0276,Rahul Verma 276,rahulverma276@gmail.com,2022-12-27,PREMIUM
CUST0277,Riya Bose 277,riyabose277@gmail.com,2022-04-17,VIP
CUST0278,Aditya Shah 278,adityashah278@gmail.com,2023-08-15,REGULAR
CUST0279,Rahul Verma 279,rahulverma279@gmail.com,2023-06-04,VIP
CUST0280,Neha Agarwal 280,nehaagarwal280@gmail.com,2022-08-06,PREMIUM
CUST0281,Rahul Verma 281,rahulverma281@gmail.com,2022-06-08,VIP
CUST0282,Rahul Verma 282,rahulverma282@gmail.com,2023-11-04,PREMIUM
CUST0283,Riya Bose 283,riyabose283@gmail.com,2023-05-09,VIP
CUST0284,Siddharth Das 284,siddharthdas284@gmail.com,2022-08-18,REGULAR
CUST0285,Meera Chopra 285,meerachopra285@gmail.com,2022-04-21,REGULAR
CUST0286,Meera Chopra 286,meerachopra286@gmail.com,2022-12-25,REGULAR
CUST0287,Arjun Mehta 287,arjunmehta287@gmail.com,2023-07-24,VIP
CUST0288,Rahul Verma 288,rahulverma288@gmail.com,2023-01-12,PREMIUM
CUST0289,Meera Chopra 289,meerachopra289@gmail.com,2022-04-28,REGULAR
CUST0290,Ananya Singh 290,ananyasingh290@gmail.com,2022-10-13,PREMIUM
CUST0291,Arjun Mehta 291,arjunmehta291@gmail.com,2023-08-11,REGULAR
CUST0292,Ananya Singh 292,ananyasingh292@gmail.com,2022-08-20,REGULAR
CUST0293,Suresh Rao 293,sureshrao293@gmail.com,2023-03-16,REGULAR
CUST0294,Ananya Singh 294,ananyasingh294@gmail.com,2023-07-29,REGULAR
CUST0295,Karan Joshi 295,karanjoshi295@gmail.com,2023-09-29,PREMIUM
CUST0296,Swati Mishra 296,swatimishra296@gmail.com,2023-09-21,PREMIUM
CUST0297,Vikram Patel 297,vikrampatel297@gmail.com,2023-11-23,VIP
CUST0298,Riya Bose 298,riyabose298@gmail.com,2023-10-21,PREMIUM
CUST0299,Karan Joshi 299,karanjoshi299@gmail.com,2023-07-25,VIP
CUST0300,Riya Bose 300,riyabose300@gmail.com,2022-01-27,PREMIUM
CUST0301,Suresh Rao 301,sureshrao301@gmail.com,2023-09-16,PREMIUM
CUST0302,Rahul Verma 302,rahulverma302@gmail.com,2023-11-05,REGULAR
CUST0303,Suresh Rao 303,sureshrao303@gmail.com,2023-12-12,VIP
CUST0304,Ananya Singh 304,ananyasingh304@gmail.com,2022-10-01,REGULAR
CUST0305,Raj Malhotra 305,rajmalhotra305@gmail.com,2022-01-30,PREMIUM
CUST0306,Riya Bose 306,riyabose306@gmail.com,2022-07-04,PREMIUM
CUST0307,Riya Bose 307,riyabose307@gmail.com,2022-10-07,REGULAR
CUST0308,Meera Chopra 308,meerachopra308@gmail.com,2023-12-21,VIP
CUST0309,Neha Agarwal 309,nehaagarwal309@gmail.com,2022-11-13,PREMIUM
CUST0310,Divya Nair 310,divyanair310@gmail.com,2022-12-14,PREMIUM
CUST0311,Pooja Reddy 311,poojareddy311@gmail.com,2022-12-26,REGULAR
CUST0312,Neha Agarwal 312,nehaagarwal312@gmail.com,2022-01-07,PREMIUM
CUST0313,Karan Joshi 313,karanjoshi313@gmail.com,2022-07-05,PREMIUM
CUST0314,Divya Nair 314,divyanair314@gmail.com,2022-05-27,PREMIUM
CUST0315,Swati Mishra 315,swatimishra315@gmail.com,2023-08-03,VIP
CUST0316,Sneha Gupta 316,snehagupta316@gmail.com,2023-11-05,PREMIUM
CUST0317,Rohan Iyer 317,rohaniyer317@gmail.com,2023-02-15,PREMIUM
CUST0318,Kavya Pillai 318,kavyapillai318@gmail.com,2022-03-13,PREMIUM
CUST0319,Neha Agarwal 319,nehaagarwal319@gmail.com,2022-05-26,REGULAR
CUST0320,Ananya Singh 320,ananyasingh320@gmail.com,2023-10-11,PREMIUM
CUST0321,Priya Sharma 321,priyasharma321@gmail.com,2022-02-01,VIP
CUST0322,Kavya Pillai 322,kavyapillai322@gmail.com,2022-04-04,PREMIUM
CUST0323,Suresh Rao 323,sureshrao323@gmail.com,2023-06-28,PREMIUM
CUST0324,Riya Bose 324,riyabose324@gmail.com,2022-08-09,VIP
CUST0325,Vikram Patel 325,vikrampatel325@gmail.com,2023-01-21,PREMIUM
CUST0326,Ananya Singh 326,ananyasingh326@gmail.com,2023-03-06,REGULAR
CUST0327,Aditya Shah 327,adityashah327@gmail.com,2023-04-10,VIP
CUST0328,Pooja Reddy 328,poojareddy328@gmail.com,2022-12-16,PREMIUM
CUST0329,Meera Chopra 329,meerachopra329@gmail.com,2022-06-11,REGULAR
CUST0330,Divya Nair 330,divyanair330@gmail.com,2023-01-14,PREMIUM
CUST0331,Sneha Gupta 331,snehagupta331@gmail.com,2022-11-16,VIP
CUST0332,Amit Kumar 332,amitkumar332@gmail.com,2022-11-29,REGULAR
CUST0333,Ananya Singh 333,ananyasingh333@gmail.com,2023-08-05,VIP
CUST0334,Karan Joshi 334,karanjoshi334@gmail.com,2023-09-03,PREMIUM
CUST0335,Amit Kumar 335,amitkumar335@gmail.com,2022-03-28,PREMIUM
CUST0336,Rohan Iyer 336,rohaniyer336@gmail.com,2022-02-23,REGULAR
CUST0337,Arjun Mehta 337,arjunmehta337@gmail.com,2022-06-09,REGULAR
CUST0338,Kavya Pillai 338,kavyapillai338@gmail.com,2022-06-11,PREMIUM
CUST0339,Aditya Shah 339,adityashah339@gmail.com,2023-09-25,VIP
CUST0340,Rohan Iyer 340,rohaniyer340@gmail.com,2022-02-20,PREMIUM
CUST0341,Suresh Rao 341,sureshrao341@gmail.com,2023-11-22,PREMIUM
CUST0342,Meera Chopra 342,meerachopra342@gmail.com,2022-03-25,PREMIUM
CUST0343,Priya Sharma 343,priyasharma343@gmail.com,2022-10-06,VIP
CUST0344,Aditya Shah 344,adityashah344@gmail.com,2023-03-30,VIP
CUST0345,Rohan Iyer 345,rohaniyer345@gmail.com,2023-11-09,PREMIUM
CUST0346,Vikram Patel 346,vikrampatel346@gmail.com,2023-03-11,REGULAR
CUST0347,Sneha Gupta 347,snehagupta347@gmail.com,2023-05-13,VIP
CUST0348,Divya Nair 348,divyanair348@gmail.com,2023-09-14,PREMIUM
CUST0349,Vikram Patel 349,vikrampatel349@,2023-03-29,PREMIUM
CUST0350,Vikram Patel 350,vikrampatel350@gmail.com,2023-03-01,PREMIUM
CUST0351,Aditya Shah 351,adityashah351@gmail.com,2022-10-07,REGULAR
CUST0352,Sneha Gupta 352,snehagupta352@gmail.com,2022-08-09,VIP
CUST0353,Divya Nair 353,divyanair353@gmail.com,2023-06-09,PREMIUM
CUST0354,Rohan Iyer 354,rohaniyer354@gmail.com,2022-04-27,VIP
CUST0355,Suresh Rao 355,sureshrao355@gmail.com,2022-12-20,PREMIUM
CUST0356,Pooja Reddy 356,poojareddy356@gmail.com,2023-03-17,PREMIUM
CUST0357,Neha Agarwal 357,nehaagarwal357@gmail.com,2022-04-24,VIP
CUST0358,Pooja Reddy 358,poojareddy358@gmail.com,2022-10-18,REGULAR
CUST0359,Divya Nair 359,divyanair359@gmail.com,2023-11-26,REGULAR
CUST0360,Meera Chopra 360,meerachopra360@gmail.com,2023-11-26,VIP
CUST0361,Siddharth Das 361,siddharthdas361@gmail.com,2023-08-31,VIP
CUST0362,Divya Nair 362,divyanair362@gmail.com,2023-05-14,PREMIUM
CUST0363,Rahul Verma 363,rahulverma363@gmail.com,2023-06-24,PREMIUM
CUST0364,Ananya Singh 364,ananyasingh364@gmail.com,2023-11-15,VIP
CUST0365,Raj Malhotra 365,rajmalhotra365@gmail.com,2022-11-12,VIP
CUST0366,Divya Nair 366,divyanair366@gmail.com,2022-02-16,VIP
CUST0367,Rahul Verma 367,rahulverma367gmail.com,2022-08-14,REGULAR
CUST0368,Priya Sharma 368,priyasharma368@gmail.com,2023-02-09,REGULAR
CUST0369,Neha Agarwal 369,nehaagarwal369@gmail.com,2023-09-06,REGULAR
CUST0370,Sneha Gupta 370,snehagupta370@gmail.com,2022-02-26,VIP
CUST0371,Divya Nair 371,divyanair371@gmail.com,2022-01-08,VIP
CUST0372,Arjun Mehta 372,arjunmehta372@gmail.com,2022-07-29,PREMIUM
CUST0373,Kavya Pillai 373,kavyapillai373@gmail.com,2022-11-05,REGULAR
CUST0374,Aditya Shah 374,adityashah374@gmail.com,2022-08-05,REGULAR
CUST0375,Raj Malhotra 375,rajmalhotra375@gmail.com,2022-05-21,REGULAR
CUST0376,Aditya Shah 376,adityashah376@gmail.com,2022-09-19,REGULAR
CUST0377,Priya Sharma 377,priyasharma377@gmail.com,2022-10-24,VIP
CUST0378,Vikram Patel 378,vikrampatel378@gmail.com,2022-12-02,PREMIUM
CUST0379,Ananya Singh 379,ananyasingh379@gmail.com,2022-05-03,PREMIUM
CUST0380,Sneha Gupta 380,snehagupta380@gmail.com,2022-01-08,PREMIUM
CUST0381,Aditya Shah 381,adityashah381@gmail.com,2023-05-25,VIP
CUST0382,Rahul Verma 382,rahulverma382@gmail.com,2023-03-17,REGULAR
CUST0383,Amit Kumar 383,amitkumar383@gmail.com,2022-06-29,VIP
CUST0384,Riya Bose 384,riyabose384@gmail.com,2022-05-13,REGULAR
CUST0385,Aditya Shah 385,adityashah385@gmail.com,2023-01-25,VIP
CUST0386,Sneha Gupta 386,snehagupta386@gmail.com,2023-06-30,PREMIUM
CUST0387,Raj Malhotra 387,rajmalhotra387@gmail.com,2023-12-22,PREMIUM
CUST0388,Sneha Gupta 388,snehagupta388@gmail.com,2022-08-24,PREMIUM
CUST0389,Rahul Verma 389,rahulverma389@gmail.com,2023-05-28,PREMIUM
CUST0390,Rohan Iyer 390,rohaniyer390@gmail.com,2023-07-27,REGULAR
CUST0391,Amit Kumar 391,amitkumar391@gmail.com,2023-11-16,VIP
CUST0392,Rahul Verma 392,rahulverma392@,2022-12-29,REGULAR
CUST0393,Amit Kumar 393,amitkumar393@gmail.com,2022-03-15,VIP
CUST0394,Pooja Reddy 394,poojareddy394@gmail.com,2023-02-11,PREMIUM
CUST0395,Karan Joshi 395,karanjoshi395@gmail.com,2022-02-13,PREMIUM
CUST0396,Vikram Patel 396,vikrampatel396@gmail.com,2023-03-23,PREMIUM
CUST0397,Amit Kumar 397,amitkumar397@gmail.com,2022-01-20,VIP
CUST0398,Aditya Shah 398,adityashah398@gmail.com,2023-04-16,PREMIUM
CUST0399,Raj Malhotra 399,rajmalhotra399@gmail.com,2022-03-21,REGULAR
CUST0400,Suresh Rao 400,sureshrao400@gmail.com,2022-11-17,REGULAR
CUST0401,Sneha Gupta 401,snehagupta401@gmail.com,2023-08-13,REGULAR
CUST0402,Karan Joshi 402,karanjoshi402@gmail.com,2023-03-16,VIP
CUST0403,Arjun Mehta 403,arjunmehta403@gmail.com,2023-08-11,REGULAR
CUST0404,Arjun Mehta 404,arjunmehta404@gmail.com,2023-02-19,PREMIUM
CUST0405,Raj Malhotra 405,rajmalhotra405@gmail.com,2023-12-28,VIP
CUST0406,Priya Sharma 406,priyasharma406@gmail.com,2023-10-18,PREMIUM
CUST0407,Arjun Mehta 407,arjunmehta407@gmail.com,2023-03-04,VIP
CUST0408,Neha Agarwal 408,nehaagarwal408@gmail.com,2022-10-24,REGULAR
CUST0409,Raj Malhotra 409,rajmalhotra409@gmail.com,2022-04-28,PREMIUM
CUST0410,Karan Joshi 410,karanjoshi410@gmail.com,2023-02-19,PREMIUM
CUST0411,Divya Nair 411,divyanair411@gmail.com,2022-01-22,VIP
CUST0412,Arjun Mehta 412,arjunmehta412@gmail.com,2022-11-29,PREMIUM
CUST0413,Vikram Patel 413,vikrampatel413@gmail.com,2022-06-25,REGULAR
CUST0414,Swati Mishra 414,swatimishra414@gmail.com,2023-09-25,VIP
CUST0415,Rahul Verma 415,rahulverma415@gmail.com,2023-04-17,PREMIUM
CUST0416,Siddharth Das 416,siddharthdas416@gmail.com,2023-12-08,VIP
CUST0417,Karan Joshi 417,karanjoshi417@gmail.com,2023-01-06,PREMIUM
CUST0418,Pooja Reddy 418,poojareddy418@gmail.com,2022-04-01,REGULAR
CUST0419,Kavya Pillai 419,kavyapillai419@gmail.com,2023-03-24,REGULAR
CUST0420,Amit Kumar 420,amitkumar420@gmail.com,2022-04-19,REGULAR
CUST0421,Rohan Iyer 421,rohaniyer421@gmail.com,2022-09-07,REGULAR
CUST0422,Karan Joshi 422,karanjoshi422@gmail.com,2023-03-23,PREMIUM
CUST0423,Karan Joshi 423,karanjoshi423@gmail.com,2023-08-27,REGULAR
CUST0424,Priya Sharma 424,priyasharma424@gmail.com,2023-02-15,VIP
CUST0425,Pooja Reddy 425,poojareddy425gmail.com,2023-06-21,PREMIUM
CUST0426,Swati Mishra 426,swatimishra426@gmail.com,2022-03-22,REGULAR
CUST0427,Neha Agarwal 427,nehaagarwal427@gmail.com,2023-02-10,VIP
CUST0428,Divya Nair 428,divyanair428@gmail.com,2022-11-14,PREMIUM
CUST0429,Ananya Singh 429,ananyasingh429@gmail.com,2022-12-14,VIP
CUST0430,Divya Nair 430,divyanair430@gmail.com,2022-08-15,PREMIUM
CUST0431,Amit Kumar 431,amitkumar431@gmail.com,2022-12-08,VIP
CUST0432,Meera Chopra 432,meerachopra432@gmail.com,2022-06-22,REGULAR
CUST0433,Swati Mishra 433,swatimishra433@gmail.com,2022-03-20,VIP
CUST0434,Aditya Shah 434,adityashah434@gmail.com,2023-06-07,VIP
CUST0435,Neha Agarwal 435,nehaagarwal435@gmail.com,2023-10-11,PREMIUM
CUST0436,Priya Sharma 436,priyasharma436@gmail.com,2022-04-27,PREMIUM
CUST0437,Vikram Patel 437,vikrampatel437@gmail.com,2023-06-28,REGULAR
CUST0438,Divya Nair 438,divyanair438@gmail.com,2023-06-07,VIP
CUST0439,Arjun Mehta 439,arjunmehta439@gmail.com,2022-07-18,VIP
CUST0440,Riya Bose 440,riyabose440@gmail.com,2022-12-24,VIP
CUST0441,Divya Nair 441,divyanair441@gmail.com,2022-12-26,VIP
CUST0442,Rahul Verma 442,rahulverma442@gmail.com,2023-10-23,REGULAR
CUST0443,Vikram Patel 443,vikrampatel443@gmail.com,2022-06-01,PREMIUM
CUST0444,Suresh Rao 444,sureshrao444@gmail.com,2022-08-30,VIP
CUST0445,Raj Malhotra 445,rajmalhotra445@gmail.com,2022-04-16,REGULAR
CUST0446,Amit Kumar 446,amitkumar446@gmail.com,2022-05-30,REGULAR
CUST0447,Neha Agarwal 447,nehaagarwal447@gmail.com,2022-09-20,REGULAR
CUST0448,Raj Malhotra 448,rajmalhotra448@gmail.com,2022-07-22,REGULAR
CUST0449,Suresh Rao 449,sureshrao449@gmail.com,2022-06-27,REGULAR
CUST0450,Meera Chopra 450,meerachopra450@gmail.com,2023-09-09,PREMIUM
CUST0451,Vikram Patel 451,vikrampatel451@gmail.com,2022-06-06,REGULAR
CUST0452,Swati Mishra 452,swatimishra452@gmail.com,2023-11-03,PREMIUM
CUST0453,Riya Bose 453,riyabose453@gmail.com,2022-03-19,VIP
CUST0454,Pooja Reddy 454,poojareddy454@gmail.com,2022-07-01,VIP
CUST0455,Divya Nair 455,divyanair455@gmail.com,2023-10-06,PREMIUM
CUST0456,Rahul Verma 456,rahulverma456@gmail.com,2023-05-21,PREMIUM
CUST0457,Raj Malhotra 457,rajmalhotra457@gmail.com,2023-04-21,VIP
CUST0458,Priya Sharma 458,priyasharma458@gmail.com,2023-08-01,REGULAR
CUST0459,Meera Chopra 459,meerachopra459@gmail.com,2023-08-17,VIP
CUST0460,Aditya Shah 460,adityashah460@gmail.com,2023-04-05,REGULAR
CUST0461,Pooja Reddy 461,poojareddy461@gmail.com,2023-11-29,REGULAR
CUST0462,Amit Kumar 462,amitkumar462@gmail.com,2023-08-02,PREMIUM
CUST0463,Raj Malhotra 463,rajmalhotra463@gmail.com,2023-10-21,PREMIUM
CUST0464,Ananya Singh 464,ananyasingh464@gmail.com,2023-10-13,VIP
CUST0465,Neha Agarwal 465,nehaagarwal465@gmail.com,2023-10-02,VIP
CUST0466,Suresh Rao 466,sureshrao466@gmail.com,2022-11-27,PREMIUM
CUST0467,Neha Agarwal 467,nehaagarwal467@gmail.com,2023-10-05,VIP
CUST0468,Vikram Patel 468,vikrampatel468@gmail.com,2022-11-20,PREMIUM
CUST0469,Rohan Iyer 469,rohaniyer469@gmail.com,2022-06-04,PREMIUM
CUST0470,Meera Chopra 470,meerachopra470@gmail.com,2023-03-27,VIP
CUST0471,Rohan Iyer 471,rohaniyer471@gmail.com,2022-03-11,REGULAR
CUST0472,Raj Malhotra 472,rajmalhotra472@gmail.com,2023-04-26,REGULAR
CUST0473,Neha Agarwal 473,nehaagarwal473@gmail.com,2023-03-29,PREMIUM
CUST0474,Swati Mishra 474,swatimishra474@gmail.com,2023-10-09,VIP
CUST0475,Rohan Iyer 475,rohaniyer475@gmail.com,2022-11-07,REGULAR
CUST0476,Aditya Shah 476,adityashah476@gmail.com,2022-10-09,PREMIUM
CUST0477,Sneha Gupta 477,snehagupta477@gmail.com,2023-08-29,PREMIUM
CUST0478,Pooja Reddy 478,poojareddy478@gmail.com,2022-02-27,VIP
CUST0479,Raj Malhotra 479,rajmalhotra479@gmail.com,2022-12-27,VIP
CUST0480,Swati Mishra 480,swatimishra480@gmail.com,2023-06-04,PREMIUM
CUST0481,Arjun Mehta 481,arjunmehta481@gmail.com,2022-03-17,REGULAR
CUST0482,Suresh Rao 482,sureshrao482@gmail.com,2022-11-14,VIP
CUST0483,Riya Bose 483,riyabose483@gmail.com,2023-04-18,VIP
CUST0484,Rohan Iyer 484,rohaniyer484@gmail.com,2023-04-08,VIP
CUST0485,Swati Mishra 485,swatimishra485@gmail.com,2022-02-08,REGULAR
CUST0486,Aditya Shah 486,adityashah486@gmail.com,2022-02-28,REGULAR
CUST0487,Priya Sharma 487,priyasharma487@gmail.com,2023-01-13,PREMIUM
CUST0488,Rohan Iyer 488,rohaniyer488@gmail.com,2022-10-21,VIP
CUST0489,Rohan Iyer 489,rohaniyer489@gmail.com,2022-03-20,REGULAR
CUST0490,Pooja Reddy 490,poojareddy490@gmail.com,2023-10-23,REGULAR
CUST0491,Raj Malhotra 491,rajmalhotra491@gmail.com,2022-04-03,VIP
CUST0492,Riya Bose 492,riyabose492@gmail.com,2023-09-22,REGULAR
CUST0493,Suresh Rao 493,sureshrao493@gmail.com,2023-09-01,PREMIUM
CUST0494,Neha Agarwal 494,nehaagarwal494@gmail.com,2023-06-04,REGULAR
CUST0495,Kavya Pillai 495,kavyapillai495@,2023-01-29,REGULAR
CUST0496,Kavya Pillai 496,kavyapillai496@gmail.com,2023-04-19,PREMIUM
CUST0497,Kavya Pillai 497,kavyapillai497@gmail.com,2023-08-18,VIP
CUST0498,Pooja Reddy 498,poojareddy498@gmail.com,2023-07-22,REGULAR
CUST0499,Meera Chopra 499,meerachopra499@gmail.com,2022-02-12,PREMIUM
CUST0500,Siddharth Das 500,siddharthdas500@gmail.com,2023-04-06,VIP
