order_id,customer_id,order_date,status,region_code
ORD00001,CUST0191,2024-03-17 00:00:00,SHIPPED,SOUTH
ORD00002,CUST0128,2024-03-21 00:00:00,SHIPPED,CENTRAL
ORD00003,CUST0047,2023-12-17 00:00:00,PLACED,WEST
ORD00004,CUST0174,2023-08-30 00:00:00,PLACED,NORTH
ORD00005,CUST0389,2023-03-21 00:00:00,PLACED,SOUTH
ORD00006,CUST0031,2024-05-13 00:00:00,PLACED,SOUTH
ORD00007,CUST0079,2024-04-19 00:00:00,CANCELLED,NORTH
ORD00008,CUST0406,2023-04-10 00:00:00,PLACED,SOUTH
ORD00009,CUST0250,2023-06-30 00:00:00,SHIPPED,SOUTH
ORD00010,CUST0286,2024-02-20 00:00:00,CANCELLED,NORTH
ORD00011,CUST0388,2023-04-22 00:00:00,RETURNED,WEST
ORD00012,CUST0457,2024-01-24 00:00:00,DELIVERED,EAST
ORD00013,CUST0099,2023-03-04 00:00:00,SHIPPED,SOUTH
ORD00014,UNKNOWN,2023-05-23 00:00:00,DELIVERED,WEST
ORD00015,CUST0371,2023-01-01 00:00:00,RETURNED,WEST
ORD00016,CUST0461,2023-06-02 00:00:00,RETURNED,NORTH
ORD00017,UNKNOWN,2023-10-26 00:00:00,PLACED,WEST
ORD00018,CUST0287,2024-04-02 00:00:00,PLACED,NORTH
ORD00019,CUST0357,2023-11-21 00:00:00,RETURNED,WEST
ORD00020,CUST0291,2023-11-08 00:00:00,CANCELLED,EAST
ORD00021,CUST0179,2024-03-21 00:00:00,CANCELLED,CENTRAL
ORD00022,CUST0240,2023-12-19 00:00:00,SHIPPED,WEST
ORD00023,CUST0426,2023-01-09 00:00:00,DELIVERED,WEST
ORD00024,CUST0441,2024-06-06 00:00:00,CANCELLED,WEST
ORD00025,CUST0036,2023-05-11 00:00:00,CANCELLED,NORTH
ORD00026,CUST0231,2023-03-05 00:00:00,RETURNED,SOUTH
ORD00027,CUST0135,2023-02-24 00:00:00,DELIVERED,NORTH
ORD00028,CUST0233,2024-01-03 00:00:00,RETURNED,EAST
ORD00029,UNKNOWN,2023-10-16 00:00:00,DELIVERED,NORTH
ORD00030,CUST0195,2023-08-29 00:00:00,RETURNED,SOUTH
ORD00031,CUST0453,2024-02-08 00:00:00,RETURNED,EAST
ORD00032,UNKNOWN,2024-01-27 00:00:00,PLACED,SOUTH
ORD00033,CUST0398,2024-03-21 00:00:00,PLACED,SOUTH
ORD00034,CUST0165,2023-06-27 00:00:00,CANCELLED,CENTRAL
ORD00035,CUST0338,2023-07-12 00:00:00,PLACED,EAST
ORD00036,CUST0420,2024-01-04 00:00:00,CANCELLED,CENTRAL
ORD00037,CUST0269,2023-06-07 00:00:00,CANCELLED,CENTRAL
ORD00038,CUST0393,2023-05-09 00:00:00,DELIVERED,SOUTH
ORD00039,CUST0314,2023-03-15 00:00:00,CANCELLED,CENTRAL
ORD00040,CUST0210,2023-05-28 00:00:00,CANCELLED,NORTH
ORD00041,CUST0057,2024-05-13 00:00:00,CANCELLED,CENTRAL
ORD00042,CUST0338,2023-05-20 00:00:00,PLACED,CENTRAL
ORD00043,CUST0428,2024-03-01 00:00:00,PLACED,SOUTH
ORD00044,CUST0092,2024-03-11 00:00:00,SHIPPED,WEST
ORD00045,CUST0104,2024-04-10 00:00:00,RETURNED,NORTH
ORD00046,CUST0099,2024-04-05 00:00:00,DELIVERED,SOUTH
ORD00047,CUST0293,2023-08-20 00:00:00,SHIPPED,WEST
ORD00048,CUST0199,2023-01-08 00:00:00,CANCELLED,NORTH
ORD00049,CUST0270,2023-08-31 00:00:00,CANCELLED,EAST
ORD00050,CUST0303,2023-10-03 00:00:00,SHIPPED,NORTH
ORD00051,CUST0188,2024-01-11 00:00:00,DELIVERED,EAST
ORD00052,CUST0368,2023-02-08 00:00:00,CANCELLED,NORTH
ORD00053,CUST0477,2024-01-13 00:00:00,CANCELLED,WEST
ORD00054,CUST0336,2024-05-08 00:00:00,PLACED,EAST
ORD00055,CUST0456,2023-03-23 00:00:00,RETURNED,CENTRAL
ORD00056,CUST0240,2024-06-23 00:00:00,CANCELLED,NORTH
ORD00057,CUST0032,2023-10-14 00:00:00,RETURNED,EAST
ORD00058,CUST0381,2023-03-22 00:00:00,RETURNED,SOUTH
ORD00059,CUST0213,2023-04-01 00:00:00,RETURNED,NORTH
ORD00060,CUST0407,2023-03-21 00:00:00,CANCELLED,NORTH
ORD00061,CUST0422,2023-11-16 00:00:00,CANCELLED,WEST
ORD00062,CUST0271,2023-12-18 00:00:00,RETURNED,WEST
ORD00063,UNKNOWN,2023-01-12 00:00:00,SHIPPED,WEST
ORD00064,CUST0156,2024-06-08 00:00:00,RETURNED,EAST
ORD00065,CUST0111,2023-12-06 00:00:00,PLACED,CENTRAL
ORD00066,CUST0050,2023-10-29 00:00:00,CANCELLED,NORTH
ORD00067,CUST0119,2023-02-06 00:00:00,DELIVERED,EAST
ORD00068,CUST0098,2023-11-08 00:00:00,CANCELLED,NORTH
ORD00069,CUST0337,2023-09-24 00:00:00,RETURNED,CENTRAL
ORD00070,CUST0321,2024-04-29 00:00:00,CANCELLED,WEST
ORD00071,CUST0286,2023-02-22 00:00:00,RETURNED,EAST
ORD00072,CUST0213,2023-10-26 00:00:00,DELIVERED,CENTRAL
ORD00073,CUST0393,2023-01-28 00:00:00,DELIVERED,SOUTH
ORD00074,CUST0184,2023-03-26 00:00:00,DELIVERED,SOUTH
ORD00075,CUST0360,2023-03-20 00:00:00,PLACED,NORTH
ORD00076,CUST0453,2023-10-12 00:00:00,PLACED,EAST
ORD00077,CUST0406,2023-10-15 00:00:00,RETURNED,EAST
ORD00078,CUST0206,2023-09-21 00:00:00,PLACED,NORTH
ORD00079,CUST0337,2023-04-25 00:00:00,SHIPPED,NORTH
ORD00080,CUST0308,2023-06-04 00:00:00,DELIVERED,CENTRAL
ORD00081,CUST0181,2024-01-14 00:00:00,DELIVERED,CENTRAL
ORD00082,CUST0282,2023-09-25 00:00:00,RETURNED,WEST
ORD00083,CUST0167,2023-08-30 00:00:00,PLACED,NORTH
ORD00084,CUST0212,2024-06-24 00:00:00,DELIVERED,WEST
ORD00085,CUST0221,2023-12-18 00:00:00,CANCELLED,EAST
ORD00086,CUST0166,2023-05-29 00:00:00,PLACED,SOUTH
ORD00087,CUST0289,2023-06-07 00:00:00,CANCELLED,SOUTH
ORD00088,CUST0193,2024-02-27 00:00:00,DELIVERED,WEST
ORD00089,CUST0475,2023-09-01 00:00:00,DELIVERED,NORTH
ORD00090,CUST0185,2023-06-21 00:00:00,CANCELLED,NORTH
ORD00091,CUST0230,2023-12-20 00:00:00,DELIVERED,SOUTH
ORD00092,CUST0001,2023-09-28 00:00:00,PLACED,SOUTH
ORD00093,CUST0146,2023-04-29 00:00:00,SHIPPED,WEST
ORD00094,CUST0266,2024-04-20 00:00:00,SHIPPED,WEST
ORD00095,CUST0456,2023-11-05 00:00:00,SHIPPED,EAST
ORD00096,CUST0154,2024-06-29 00:00:00,DELIVERED,SOUTH
ORD00097,CUST0110,2024-02-04 00:00:00,RETURNED,NORTH
ORD00098,CUST0012,2023-05-29 00:00:00,PLACED,EAST
ORD00099,CUST0483,2024-03-21 00:00:00,PLACED,WEST
ORD00100,CUST0142,2024-04-04 00:00:00,DELIVERED,WEST
ORD00101,CUST0262,2023-11-20 00:00:00,PLACED,EAST
ORD00102,CUST0475,2023-02-12 00:00:00,DELIVERED,CENTRAL
ORD00103,CUST0049,2024-06-28 00:00:00,SHIPPED,SOUTH
ORD00104,UNKNOWN,2024-03-18 00:00:00,PLACED,EAST
ORD00105,CUST0071,2023-10-07 00:00:00,RETURNED,NORTH
ORD00106,CUST0456,2023-10-01 00:00:00,DELIVERED,EAST
ORD00107,CUST0120,2023-09-19 00:00:00,PLACED,CENTRAL
ORD00108,CUST0154,2024-02-05 00:00:00,CANCELLED,SOUTH
ORD00109,CUST0205,2023-09-05 00:00:00,CANCELLED,WEST
ORD00110,CUST0112,2023-07-19 00:00:00,RETURNED,WEST
ORD00111,CUST0371,2023-07-04 00:00:00,RETURNED,WEST
ORD00112,CUST0248,2023-01-11 00:00:00,CANCELLED,WEST
ORD00113,CUST0423,2023-03-11 00:00:00,DELIVERED,EAST
ORD00114,CUST0360,2023-04-11 00:00:00,PLACED,CENTRAL
ORD00115,CUST0465,2024-04-01 00:00:00,CANCELLED,CENTRAL
ORD00116,CUST0329,2023-10-18 00:00:00,RETURNED,WEST
ORD00117,CUST0375,2023-02-04 00:00:00,PLACED,NORTH
ORD00118,CUST0196,2023-04-05 00:00:00,DELIVERED,WEST
ORD00119,CUST0029,2023-08-11 00:00:00,CANCELLED,EAST
ORD00120,CUST0172,2023-05-05 00:00:00,RETURNED,CENTRAL
ORD00121,CUST0419,2023-05-03 00:00:00,CANCELLED,SOUTH
ORD00122,CUST0477,2023-05-14 00:00:00,DELIVERED,WEST
ORD00123,CUST0446,2023-07-09 00:00:00,RETURNED,WEST
ORD00124,CUST0383,2023-07-08 00:00:00,PLACED,NORTH
ORD00125,CUST0309,2024-04-23 00:00:00,CANCELLED,NORTH
ORD00126,CUST0325,2023-03-19 00:00:00,PLACED,CENTRAL
ORD00127,CUST0196,2023-10-11 00:00:00,SHIPPED,EAST
ORD00128,CUST0269,2023-11-28 00:00:00,DELIVERED,WEST
ORD00129,UNKNOWN,2023-03-17 00:00:00,CANCELLED,SOUTH
ORD00130,CUST0077,2023-03-05 00:00:00,RETURNED,SOUTH
ORD00131,CUST0358,2023-12-07 00:00:00,DELIVERED,WEST
ORD00132,CUST0026,2023-09-22 00:00:00,SHIPPED,CENTRAL
ORD00133,CUST0202,2023-09-29 00:00:00,RETURNED,CENTRAL
ORD00134,CUST0386,2023-03-13 00:00:00,DELIVERED,NORTH
ORD00135,CUST0259,2023-07-25 00:00:00,DELIVERED,EAST
ORD00136,CUST0222,2023-07-02 00:00:00,CANCELLED,WEST
ORD00137,CUST0202,2023-04-22 00:00:00,SHIPPED,WEST
ORD00138,CUST0173,2024-03-17 00:00:00,CANCELLED,NORTH
ORD00139,CUST0293,2023-04-19 00:00:00,PLACED,WEST
ORD00140,CUST0281,2023-09-23 00:00:00,RETURNED,EAST
ORD00141,CUST0044,2023-03-16 00:00:00,SHIPPED,SOUTH
ORD00142,CUST0223,2023-09-14 00:00:00,DELIVERED,SOUTH
ORD00143,CUST0067,2023-01-20 00:00:00,DELIVERED,EAST
ORD00144,CUST0247,2023-06-02 00:00:00,PLACED,SOUTH
ORD00145,CUST0250,2023-01-01 00:00:00,DELIVERED,CENTRAL
ORD00146,CUST0293,2024-02-04 00:00:00,RETURNED,WEST
ORD00147,CUST0316,2023-12-04 00:00:00,CANCELLED,EAST
ORD00148,CUST0269,2023-01-04 00:00:00,SHIPPED,CENTRAL
ORD00149,CUST0037,2024-05-17 00:00:00,RETURNED,NORTH
ORD00150,CUST0221,2024-02-18 00:00:00,PLACED,CENTRAL
ORD00151,CUST0474,2023-03-13 00:00:00,RETURNED,NORTH
ORD00152,CUST0058,2023-01-04 00:00:00,PLACED,NORTH
ORD00153,CUST0217,2024-05-08 00:00:00,RETURNED,CENTRAL
ORD00154,CUST0098,2024-01-03 00:00:00,DELIVERED,NORTH
ORD00155,CUST0305,2023-11-07 00:00:00,DELIVERED,CENTRAL
ORD00156,CUST0395,2023-04-03 00:00:00,PLACED,WEST
ORD00157,CUST0180,2023-12-15 00:00:00,RETURNED,WEST
ORD00158,CUST0412,2024-04-15 00:00:00,RETURNED,NORTH
ORD00159,CUST0075,2023-10-24 00:00:00,CANCELLED,WEST
ORD00160,CUST0474,2023-06-30 00:00:00,CANCELLED,CENTRAL
ORD00161,CUST0103,2024-01-29 00:00:00,SHIPPED,EAST
ORD00162,CUST0080,2023-11-03 00:00:00,DELIVERED,EAST
ORD00163,CUST0437,2023-04-20 00:00:00,PLACED,EAST
ORD00164,CUST0379,2024-01-03 00:00:00,DELIVERED,CENTRAL
ORD00165,CUST0486,2024-03-24 00:00:00,RETURNED,NORTH
ORD00166,CUST0076,2023-05-24 00:00:00,DELIVERED,CENTRAL
ORD00167,CUST0420,2023-01-26 00:00:00,CANCELLED,NORTH
ORD00168,CUST0176,2023-09-02 00:00:00,RETURNED,NORTH
ORD00169,CUST0057,2023-03-06 00:00:00,DELIVERED,WEST
ORD00170,CUST0242,2023-11-12 00:00:00,SHIPPED,SOUTH
ORD00171,UNKNOWN,2024-04-05 00:00:00,CANCELLED,SOUTH
ORD00172,CUST0276,2023-01-17 00:00:00,CANCELLED,WEST
ORD00173,CUST0280,2023-02-27 00:00:00,DELIVERED,NORTH
ORD00174,CUST0133,2023-02-13 00:00:00,RETURNED,NORTH
ORD00175,CUST0319,2023-08-05 00:00:00,RETURNED,WEST
ORD00176,CUST0073,2024-06-19 00:00:00,CANCELLED,EAST
ORD00177,CUST0343,2023-06-02 00:00:00,RETURNED,EAST
ORD00178,UNKNOWN,2023-08-27 00:00:00,SHIPPED,CENTRAL
ORD00179,CUST0340,2023-02-07 00:00:00,PLACED,WEST
ORD00180,CUST0131,2024-05-15 00:00:00,RETURNED,WEST
ORD00181,CUST0146,2024-04-27 00:00:00,SHIPPED,CENTRAL
ORD00182,CUST0357,2023-02-16 00:00:00,RETURNED,EAST
ORD00183,CUST0028,2023-05-14 00:00:00,CANCELLED,EAST
ORD00184,CUST0484,2023-02-21 00:00:00,SHIPPED,SOUTH
ORD00185,UNKNOWN,2023-04-10 00:00:00,CANCELLED,SOUTH
ORD00186,CUST0139,2023-06-24 00:00:00,DELIVERED,SOUTH
ORD00187,CUST0468,2023-03-07 00:00:00,RETURNED,NORTH
ORD00188,CUST0443,2023-04-19 00:00:00,RETURNED,CENTRAL
ORD00189,CUST0150,2023-08-14 00:00:00,CANCELLED,EAST
ORD00190,CUST0333,2023-07-27 00:00:00,RETURNED,NORTH
ORD00191,CUST0195,2024-02-16 00:00:00,PLACED,WEST
ORD00192,CUST0364,2023-05-21 00:00:00,RETURNED,CENTRAL
ORD00193,CUST0162,2023-08-07 00:00:00,SHIPPED,NORTH
ORD00194,CUST0306,2023-06-27 00:00:00,DELIVERED,NORTH
ORD00195,CUST0096,2023-05-04 00:00:00,CANCELLED,WEST
ORD00196,CUST0495,2024-03-01 00:00:00,SHIPPED,NORTH
ORD00197,CUST0475,2024-01-14 00:00:00,SHIPPED,NORTH
ORD00198,CUST0021,2024-03-25 00:00:00,SHIPPED,SOUTH
ORD00199,CUST0272,2023-02-11 00:00:00,DELIVERED,WEST
ORD00200,CUST0251,2024-01-21 00:00:00,CANCELLED,WEST
ORD00201,CUST0081,2023-01-17 00:00:00,CANCELLED,WEST
ORD00202,UNKNOWN,2023-03-24 00:00:00,DELIVERED,CENTRAL
ORD00203,CUST0182,2023-07-03 00:00:00,PLACED,WEST
ORD00204,CUST0121,2023-10-18 00:00:00,SHIPPED,EAST
ORD00205,CUST0257,2024-05-02 00:00:00,CANCELLED,CENTRAL
ORD00206,CUST0032,2023-07-31 00:00:00,DELIVERED,CENTRAL
ORD00207,CUST0450,2023-10-05 00:00:00,DELIVERED,EAST
ORD00208,CUST0418,2024-02-26 00:00:00,SHIPPED,WEST
ORD00209,CUST0484,2023-06-28 00:00:00,DELIVERED,EAST
ORD00210,CUST0144,2023-02-08 00:00:00,RETURNED,NORTH
ORD00211,CUST0175,2024-05-26 00:00:00,SHIPPED,SOUTH
ORD00212,CUST0337,2023-04-01 00:00:00,CANCELLED,SOUTH
ORD00213,CUST0374,2023-11-05 00:00:00,SHIPPED,NORTH
ORD00214,CUST0492,2023-01-05 00:00:00,PLACED,SOUTH
ORD00215,CUST0447,2023-07-16 00:00:00,SHIPPED,NORTH
ORD00216,CUST0117,2024-06-26 00:00:00,SHIPPED,NORTH
ORD00217,CUST0294,2024-01-06 00:00:00,PLACED,SOUTH
ORD00218,CUST0497,2024-06-03 00:00:00,SHIPPED,NORTH
ORD00219,CUST0310,2023-08-02 00:00:00,DELIVERED,SOUTH
ORD00220,CUST0278,2023-07-18 00:00:00,CANCELLED,WEST
ORD00221,CUST0335,2023-06-02 00:00:00,CANCELLED,SOUTH
ORD00222,CUST0278,2024-04-30 00:00:00,RETURNED,SOUTH
ORD00223,CUST0104,2023-06-13 00:00:00,CANCELLED,WEST
ORD00224,CUST0159,2023-02-14 00:00:00,CANCELLED,CENTRAL
ORD00225,CUST0461,2024-01-08 00:00:00,PLACED,SOUTH
ORD00226,CUST0070,2024-03-21 00:00:00,SHIPPED,NORTH
ORD00227,CUST0466,2024-04-09 00:00:00,SHIPPED,EAST
ORD00228,CUST0075,2023-02-23 00:00:00,DELIVERED,WEST
ORD00229,CUST0290,2023-06-30 00:00:00,SHIPPED,SOUTH
ORD00230,CUST0163,2023-01-30 00:00:00,PLACED,WEST
ORD00231,CUST0273,2023-04-29 00:00:00,DELIVERED,WEST
ORD00232,CUST0061,2023-08-29 00:00:00,DELIVERED,NORTH
ORD00233,CUST0430,2023-11-30 00:00:00,RETURNED,NORTH
ORD00234,CUST0373,2023-11-30 00:00:00,SHIPPED,SOUTH
ORD00235,UNKNOWN,2023-04-23 00:00:00,PLACED,SOUTH
ORD00236,CUST0499,2023-04-11 00:00:00,CANCELLED,WEST
ORD00237,CUST0211,2024-02-27 00:00:00,PLACED,WEST
ORD00238,CUST0382,2024-01-20 00:00:00,PLACED,WEST
ORD00239,CUST0458,2023-03-17 00:00:00,PLACED,NORTH
ORD00240,CUST0379,2024-05-11 00:00:00,DELIVERED,WEST
ORD00241,CUST0399,2024-03-22 00:00:00,RETURNED,CENTRAL
ORD00242,CUST0068,2024-04-10 00:00:00,DELIVERED,SOUTH
ORD00243,CUST0391,2024-01-18 00:00:00,PLACED,SOUTH
ORD00244,CUST0316,2023-07-18 00:00:00,CANCELLED,EAST
ORD00245,CUST0291,2023-10-04 00:00:00,DELIVERED,CENTRAL
ORD00246,CUST0306,2023-05-11 00:00:00,PLACED,WEST
ORD00247,CUST0352,2023-03-03 00:00:00,CANCELLED,NORTH
ORD00248,UNKNOWN,2023-04-24 00:00:00,SHIPPED,EAST
ORD00249,CUST0400,2024-04-14 00:00:00,SHIPPED,NORTH
ORD00250,CUST0258,2023-12-18 00:00:00,PLACED,NORTH
ORD00251,CUST0241,2023-10-30 00:00:00,RETURNED,WEST
ORD00252,CUST0192,2023-06-24 00:00:00,RETURNED,WEST
ORD00253,CUST0199,2023-08-24 00:00:00,PLACED,WEST
ORD00254,CUST0071,2024-06-18 00:00:00,RETURNED,CENTRAL
ORD00255,CUST0116,2023-08-10 00:00:00,RETURNED,CENTRAL
ORD00256,UNKNOWN,2024-04-18 00:00:00,RETURNED,CENTRAL
ORD00257,CUST0008,2024-03-14 00:00:00,DELIVERED,EAST
ORD00258,CUST0487,2023-09-10 00:00:00,CANCELLED,NORTH
ORD00259,CUST0381,2024-03-20 00:00:00,PLACED,WEST
ORD00260,CUST0104,2023-06-02 00:00:00,SHIPPED,WEST
ORD00261,CUST0034,2023-01-06 00:00:00,RETURNED,WEST
ORD00262,CUST0489,2023-02-15 00:00:00,PLACED,CENTRAL
ORD00263,CUST0444,2024-04-26 00:00:00,DELIVERED,CENTRAL
ORD00264,CUST0353,2024-05-31 00:00:00,DELIVERED,CENTRAL
ORD00265,CUST0235,2024-06-27 00:00:00,RETURNED,WEST
ORD00266,CUST0219,2023-04-11 00:00:00,CANCELLED,SOUTH
ORD00267,CUST0022,2023-09-04 00:00:00,SHIPPED,NORTH
ORD00268,CUST0423,2023-01-13 00:00:00,CANCELLED,CENTRAL
ORD00269,CUST0161,2024-02-21 00:00:00,SHIPPED,NORTH
ORD00270,CUST0481,2023-05-16 00:00:00,SHIPPED,WEST
ORD00271,CUST0305,2023-09-02 00:00:00,PLACED,CENTRAL
ORD00272,CUST0329,2023-04-03 00:00:00,SHIPPED,EAST
ORD00273,CUST0403,2023-11-09 00:00:00,SHIPPED,CENTRAL
ORD00274,UNKNOWN,2024-04-15 00:00:00,DELIVERED,NORTH
ORD00275,CUST0234,2023-01-25 00:00:00,CANCELLED,EAST
ORD00276,CUST0022,2024-04-19 00:00:00,CANCELLED,WEST
ORD00277,CUST0126,2024-02-20 00:00:00,DELIVERED,WEST
ORD00278,CUST0203,2024-01-15 00:00:00,RETURNED,NORTH
ORD00279,CUST0021,2023-01-02 00:00:00,PLACED,WEST
ORD00280,CUST0265,2023-03-14 00:00:00,CANCELLED,CENTRAL
ORD00281,CUST0493,2023-12-07 00:00:00,RETURNED,EAST
ORD00282,UNKNOWN,2023-10-31 00:00:00,DELIVERED,WEST
ORD00283,CUST0204,2023-10-04 00:00:00,PLACED,WEST
ORD00284,CUST0397,2023-08-01 00:00:00,DELIVERED,NORTH
ORD00285,CUST0237,2023-03-24 00:00:00,RETURNED,SOUTH
ORD00286,CUST0151,2023-12-10 00:00:00,CANCELLED,EAST
ORD00287,CUST0028,2023-02-26 00:00:00,CANCELLED,SOUTH
ORD00288,CUST0463,2024-01-08 00:00:00,SHIPPED,WEST
ORD00289,CUST0425,2023-04-24 00:00:00,DELIVERED,EAST
ORD00290,CUST0047,2024-04-21 00:00:00,SHIPPED,WEST
ORD00291,CUST0058,2024-01-10 00:00:00,DELIVERED,SOUTH
ORD00292,CUST0300,2023-03-10 00:00:00,CANCELLED,CENTRAL
ORD00293,CUST0357,2023-07-29 00:00:00,DELIVERED,SOUTH
ORD00294,CUST0202,2023-12-09 00:00:00,DELIVERED,CENTRAL
ORD00295,CUST0231,2023-04-27 00:00:00,PLACED,EAST
ORD00296,UNKNOWN,2023-08-03 00:00:00,RETURNED,CENTRAL
ORD00297,CUST0460,2023-08-19 00:00:00,PLACED,WEST
ORD00298,CUST0104,2023-10-01 00:00:00,PLACED,SOUTH
ORD00299,CUST0047,2024-03-09 00:00:00,SHIPPED,EAST
ORD00300,CUST0355,2023-03-06 00:00:00,DELIVERED,WEST
ORD00301,CUST0365,2024-04-08 00:00:00,RETURNED,WEST
ORD00302,CUST0368,2024-06-23 00:00:00,CANCELLED,EAST
ORD00303,CUST0047,2024-04-26 00:00:00,DELIVERED,WEST
ORD00304,CUST0231,2024-06-29 00:00:00,DELIVERED,SOUTH
ORD00305,CUST0044,2024-04-07 00:00:00,PLACED,CENTRAL
ORD00306,CUST0197,2023-03-09 00:00:00,RETURNED,SOUTH
ORD00307,CUST0500,2024-04-13 00:00:00,SHIPPED,EAST
ORD00308,CUST0487,2024-02-05 00:00:00,CANCELLED,NORTH
ORD00309,CUST0282,2023-10-23 00:00:00,CANCELLED,WEST
ORD00310,CUST0394,2023-03-20 00:00:00,PLACED,SOUTH
ORD00311,CUST0172,2023-10-10 00:00:00,CANCELLED,SOUTH
ORD00312,CUST0338,2023-06-01 00:00:00,DELIVERED,SOUTH
ORD00313,CUST0084,2023-07-29 00:00:00,DELIVERED,SOUTH
ORD00314,CUST0092,2023-01-24 00:00:00,PLACED,CENTRAL
ORD00315,CUST0027,2023-05-16 00:00:00,SHIPPED,WEST
ORD00316,CUST0159,2024-03-06 00:00:00,DELIVERED,NORTH
ORD00317,CUST0493,2023-01-22 00:00:00,SHIPPED,WEST
ORD00318,CUST0321,2023-03-06 00:00:00,SHIPPED,WEST
ORD00319,CUST0461,2023-08-26 00:00:00,CANCELLED,EAST
ORD00320,CUST0104,2024-06-16 00:00:00,DELIVERED,SOUTH
ORD00321,UNKNOWN,2024-02-26 00:00:00,CANCELLED,SOUTH
ORD00322,CUST0007,2023-12-01 00:00:00,PLACED,CENTRAL
ORD00323,CUST0438,2024-06-26 00:00:00,DELIVERED,NORTH
ORD00324,CUST0414,2024-03-31 00:00:00,PLACED,NORTH
ORD00325,UNKNOWN,2023-05-16 00:00:00,CANCELLED,EAST
ORD00326,CUST0122,2023-11-10 00:00:00,CANCELLED,EAST
ORD00327,CUST0338,2023-09-24 00:00:00,CANCELLED,EAST
ORD00328,CUST0210,2024-01-16 00:00:00,DELIVERED,SOUTH
ORD00329,CUST0308,2023-02-18 00:00:00,CANCELLED,SOUTH
ORD00330,CUST0126,2023-10-19 00:00:00,PLACED,CENTRAL
ORD00331,CUST0143,2023-06-20 00:00:00,SHIPPED,NORTH
ORD00332,CUST0286,2023-06-14 00:00:00,DELIVERED,NORTH
ORD00333,CUST0107,2023-10-20 00:00:00,RETURNED,EAST
ORD00334,UNKNOWN,2023-06-29 00:00:00,PLACED,WEST
ORD00335,CUST0335,2023-06-07 00:00:00,DELIVERED,NORTH
ORD00336,CUST0075,2023-04-30 00:00:00,CANCELLED,CENTRAL
ORD00337,CUST0342,2023-11-21 00:00:00,RETURNED,SOUTH
ORD00338,CUST0309,2024-03-27 00:00:00,RETURNED,NORTH
ORD00339,CUST0472,2023-07-08 00:00:00,DELIVERED,CENTRAL
ORD00340,CUST0056,2023-02-05 00:00:00,CANCELLED,SOUTH
ORD00341,CUST0092,2023-12-19 00:00:00,PLACED,WEST
ORD00342,CUST0146,2024-04-04 00:00:00,PLACED,EAST
ORD00343,CUST0355,2023-06-16 00:00:00,SHIPPED,EAST
ORD00344,CUST0294,2023-05-05 00:00:00,CANCELLED,EAST
ORD00345,CUST0091,2024-02-19 00:00:00,SHIPPED,NORTH
ORD00346,CUST0384,2023-05-29 00:00:00,PLACED,CENTRAL
ORD00347,CUST0477,2023-11-24 00:00:00,CANCELLED,EAST
ORD00348,UNKNOWN,2024-06-03 00:00:00,SHIPPED,SOUTH
ORD00349,CUST0166,2023-10-30 00:00:00,DELIVERED,CENTRAL
ORD00350,CUST0195,2023-10-24 00:00:00,DELIVERED,CENTRAL
ORD00351,CUST0389,2023-05-31 00:00:00,RETURNED,NORTH
ORD00352,CUST0282,2024-03-28 00:00:00,PLACED,NORTH
ORD00353,CUST0242,2023-04-26 00:00:00,PLACED,WEST
ORD00354,CUST0356,2023-02-11 00:00:00,SHIPPED,WEST
ORD00355,CUST0169,2023-04-30 00:00:00,SHIPPED,NORTH
ORD00356,CUST0269,2024-02-16 00:00:00,RETURNED,NORTH
ORD00357,CUST0108,2023-08-14 00:00:00,SHIPPED,CENTRAL
ORD00358,CUST0056,2023-04-05 00:00:00,RETURNED,CENTRAL
ORD00359,CUST0323,2023-07-19 00:00:00,CANCELLED,NORTH
ORD00360,CUST0045,2023-08-16 00:00:00,DELIVERED,CENTRAL
ORD00361,CUST0353,2023-10-12 00:00:00,CANCELLED,NORTH
ORD00362,CUST0404,2023-03-27 00:00:00,CANCELLED,CENTRAL
ORD00363,CUST0148,2024-04-01 00:00:00,SHIPPED,NORTH
ORD00364,CUST0435,2023-03-31 00:00:00,DELIVERED,SOUTH
ORD00365,CUST0270,2024-02-08 00:00:00,SHIPPED,NORTH
ORD00366,CUST0320,2023-11-22 00:00:00,RETURNED,SOUTH
ORD00367,CUST0067,2024-06-07 00:00:00,DELIVERED,EAST
ORD00368,CUST0255,2024-01-05 00:00:00,DELIVERED,SOUTH
ORD00369,CUST0324,2024-03-13 00:00:00,SHIPPED,EAST
ORD00370,CUST0414,2024-01-17 00:00:00,PLACED,WEST
ORD00371,CUST0313,2023-12-20 00:00:00,CANCELLED,CENTRAL
ORD00372,CUST0149,2024-04-01 00:00:00,DELIVERED,WEST
ORD00373,CUST0001,2023-03-31 00:00:00,SHIPPED,NORTH
ORD00374,CUST0239,2024-03-30 00:00:00,CANCELLED,SOUTH
ORD00375,CUST0061,2024-03-01 00:00:00,CANCELLED,EAST
ORD00376,CUST0107,2023-10-23 00:00:00,RETURNED,EAST
ORD00377,CUST0213,2024-03-10 00:00:00,SHIPPED,SOUTH
ORD00378,CUST0171,2024-02-29 00:00:00,PLACED,NORTH
ORD00379,CUST0413,2023-03-30 00:00:00,PLACED,SOUTH
ORD00380,CUST0006,2023-11-07 00:00:00,RETURNED,WEST
ORD00381,CUST0354,2024-06-21 00:00:00,RETURNED,WEST
ORD00382,CUST0405,2023-03-09 00:00:00,SHIPPED,NORTH
ORD00383,CUST0154,2024-01-20 00:00:00,PLACED,SOUTH
ORD00384,CUST0166,2024-02-24 00:00:00,CANCELLED,WEST
ORD00385,CUST0059,2023-10-07 00:00:00,SHIPPED,EAST
ORD00386,CUST0175,2024-04-18 00:00:00,DELIVERED,EAST
ORD00387,CUST0292,2023-05-21 00:00:00,SHIPPED,CENTRAL
ORD00388,CUST0015,2024-01-26 00:00:00,PLACED,SOUTH
ORD00389,CUST0100,2024-05-17 00:00:00,CANCELLED,NORTH
ORD00390,CUST0174,2023-11-06 00:00:00,RETURNED,EAST
ORD00391,CUST0246,2023-11-08 00:00:00,CANCELLED,EAST
ORD00392,CUST0409,2024-04-19 00:00:00,RETURNED,WEST
ORD00393,UNKNOWN,2023-01-03 00:00:00,DELIVERED,EAST
ORD00394,CUST0080,2023-11-04 00:00:00,SHIPPED,SOUTH
ORD00395,CUST0457,2024-04-28 00:00:00,PLACED,SOUTH
ORD00396,CUST0459,2023-10-22 00:00:00,DELIVERED,CENTRAL
ORD00397,CUST0402,2024-05-18 00:00:00,SHIPPED,WEST
ORD00398,CUST0476,2023-09-08 00:00:00,RETURNED,SOUTH
ORD00399,CUST0428,2023-10-11 00:00:00,PLACED,SOUTH
ORD00400,CUST0290,2023-03-10 00:00:00,PLACED,WEST
ORD00401,CUST0162,2024-01-06 00:00:00,RETURNED,WEST
ORD00402,CUST0010,2024-03-22 00:00:00,CANCELLED,WEST
ORD00403,CUST0351,2024-05-02 00:00:00,CANCELLED,WEST
ORD00404,CUST0470,2023-05-03 00:00:00,CANCELLED,CENTRAL
ORD00405,CUST0182,2023-01-18 00:00:00,PLACED,EAST
ORD00406,CUST0077,2023-06-16 00:00:00,SHIPPED,NORTH
ORD00407,CUST0016,2023-05-30 00:00:00,SHIPPED,WEST
ORD00408,CUST0193,2023-05-19 00:00:00,SHIPPED,SOUTH
ORD00409,CUST0432,2023-02-24 00:00:00,DELIVERED,NORTH
ORD00410,CUST0311,2024-03-05 00:00:00,DELIVERED,CENTRAL
ORD00411,CUST0305,2023-12-31 00:00:00,CANCELLED,NORTH
ORD00412,CUST0401,2023-10-26 00:00:00,CANCELLED,NORTH
ORD00413,CUST0362,2023-03-20 00:00:00,SHIPPED,EAST
ORD00414,CUST0364,2023-07-07 00:00:00,CANCELLED,EAST
ORD00415,UNKNOWN,2023-06-21 00:00:00,SHIPPED,WEST
ORD00416,CUST0255,2023-11-20 00:00:00,RETURNED,SOUTH
ORD00417,CUST0191,2023-11-05 00:00:00,SHIPPED,WEST
ORD00418,CUST0487,2024-01-07 00:00:00,DELIVERED,NORTH
ORD00419,CUST0269,2023-12-27 00:00:00,SHIPPED,WEST
ORD00420,CUST0058,2023-01-14 00:00:00,CANCELLED,NORTH
ORD00421,CUST0020,2023-10-16 00:00:00,SHIPPED,SOUTH
ORD00422,CUST0468,2024-05-11 00:00:00,CANCELLED,CENTRAL
ORD00423,CUST0260,2023-06-16 00:00:00,SHIPPED,NORTH
ORD00424,UNKNOWN,2023-06-08 00:00:00,PLACED,CENTRAL
ORD00425,CUST0257,2023-07-12 00:00:00,DELIVERED,EAST
ORD00426,CUST0175,2024-06-22 00:00:00,DELIVERED,WEST
ORD00427,CUST0376,2023-04-27 00:00:00,SHIPPED,WEST
ORD00428,CUST0159,2023-03-20 00:00:00,RETURNED,CENTRAL
ORD00429,CUST0074,2023-05-15 00:00:00,CANCELLED,EAST
ORD00430,CUST0051,2024-05-06 00:00:00,SHIPPED,EAST
ORD00431,CUST0481,2024-01-07 00:00:00,DELIVERED,EAST
ORD00432,CUST0068,2024-03-28 00:00:00,RETURNED,NORTH
ORD00433,CUST0019,2024-06-19 00:00:00,CANCELLED,EAST
ORD00434,CUST0366,2023-12-17 00:00:00,PLACED,CENTRAL
ORD00435,CUST0060,2023-11-08 00:00:00,PLACED,CENTRAL
ORD00436,UNKNOWN,2023-05-02 00:00:00,CANCELLED,SOUTH
ORD00437,CUST0352,2023-05-26 00:00:00,SHIPPED,WEST
ORD00438,CUST0447,2023-11-11 00:00:00,DELIVERED,WEST
ORD00439,CUST0240,2023-05-14 00:00:00,CANCELLED,SOUTH
ORD00440,CUST0053,2024-03-11 00:00:00,SHIPPED,CENTRAL
ORD00441,CUST0338,2023-04-25 00:00:00,CANCELLED,CENTRAL
ORD00442,CUST0012,2024-05-10 00:00:00,CANCELLED,CENTRAL
ORD00443,CUST0160,2023-02-13 00:00:00,RETURNED,WEST
ORD00444,CUST0108,2023-02-03 00:00:00,DELIVERED,EAST
ORD00445,CUST0099,2024-06-09 00:00:00,PLACED,WEST
ORD00446,CUST0273,2024-04-25 00:00:00,PLACED,SOUTH
ORD00447,CUST0226,2023-09-17 00:00:00,RETURNED,EAST
ORD00448,CUST0140,2023-11-05 00:00:00,PLACED,NORTH
ORD00449,CUST0141,2023-04-09 00:00:00,PLACED,NORTH
ORD00450,CUST0491,2023-07-30 00:00:00,DELIVERED,CENTRAL
ORD00451,CUST0264,2023-07-24 00:00:00,SHIPPED,EAST
ORD00452,CUST0278,2023-12-26 00:00:00,CANCELLED,WEST
ORD00453,CUST0164,2023-05-30 00:00:00,DELIVERED,SOUTH
ORD00454,CUST0483,2023-10-12 00:00:00,RETURNED,CENTRAL
ORD00455,CUST0146,2023-12-23 00:00:00,RETURNED,CENTRAL
ORD00456,CUST0088,2024-05-27 00:00:00,PLACED,EAST
ORD00457,CUST0314,2023-09-05 00:00:00,PLACED,SOUTH
ORD00458,CUST0277,2023-03-11 00:00:00,DELIVERED,NORTH
ORD00459,CUST0067,2023-01-15 00:00:00,RETURNED,CENTRAL
ORD00460,UNKNOWN,2023-07-16 00:00:00,RETURNED,CENTRAL
ORD00461,CUST0026,2023-06-25 00:00:00,CANCELLED,EAST
ORD00462,CUST0028,2023-01-05 00:00:00,DELIVERED,CENTRAL
ORD00463,CUST0201,2023-04-12 00:00:00,CANCELLED,EAST
ORD00464,CUST0306,2024-05-31 00:00:00,DELIVERED,SOUTH
ORD00465,CUST0323,2024-05-01 00:00:00,SHIPPED,NORTH
ORD00466,CUST0359,2023-07-09 00:00:00,RETURNED,NORTH
ORD00467,CUST0183,2023-04-20 00:00:00,PLACED,CENTRAL
ORD00468,CUST0419,2023-12-30 00:00:00,RETURNED,CENTRAL
ORD00469,CUST0389,2024-03-10 00:00:00,SHIPPED,EAST
ORD00470,CUST0274,2023-08-22 00:00:00,DELIVERED,SOUTH
ORD00471,CUST0473,2023-11-18 00:00:00,SHIPPED,EAST
ORD00472,CUST0239,2023-04-23 00:00:00,RETURNED,WEST
ORD00473,CUST0048,2024-05-22 00:00:00,CANCELLED,CENTRAL
ORD00474,CUST0471,2023-10-23 00:00:00,DELIVERED,NORTH
ORD00475,CUST0050,2023-02-11 00:00:00,CANCELLED,NORTH
ORD00476,CUST0351,2024-05-20 00:00:00,SHIPPED,EAST
ORD00477,CUST0393,2023-10-18 00:00:00,PLACED,EAST
ORD00478,CUST0119,2023-11-16 00:00:00,DELIVERED,CENTRAL
ORD00479,CUST0074,2024-03-30 00:00:00,RETURNED,EAST
ORD00480,CUST0316,2024-02-22 00:00:00,CANCELLED,NORTH
ORD00481,CUST0187,2024-03-14 00:00:00,SHIPPED,NORTH
ORD00482,CUST0359,2023-03-13 00:00:00,DELIVERED,NORTH
ORD00483,CUST0170,2024-05-02 00:00:00,PLACED,WEST
ORD00484,CUST0452,2024-01-12 00:00:00,DELIVERED,EAST
ORD00485,CUST0250,2024-05-18 00:00:00,PLACED,CENTRAL
ORD00486,UNKNOWN,2024-02-10 00:00:00,SHIPPED,NORTH
ORD00487,CUST0180,2023-03-29 00:00:00,CANCELLED,WEST
ORD00488,CUST0434,2024-02-09 00:00:00,DELIVERED,EAST
ORD00489,CUST0394,2023-04-15 00:00:00,DELIVERED,SOUTH
ORD00490,CUST0295,2023-06-22 00:00:00,CANCELLED,CENTRAL
ORD00491,CUST0053,2023-07-23 00:00:00,DELIVERED,CENTRAL
ORD00492,CUST0366,2024-02-18 00:00:00,DELIVERED,CENTRAL
ORD00493,CUST0167,2024-03-10 00:00:00,RETURNED,CENTRAL
ORD00494,CUST0037,2023-10-13 00:00:00,DELIVERED,SOUTH
ORD00495,CUST0273,2023-10-07 00:00:00,RETURNED,EAST
ORD00496,CUST0303,2024-02-14 00:00:00,DELIVERED,EAST
ORD00497,CUST0318,2024-02-19 00:00:00,CANCELLED,EAST
ORD00498,CUST0082,2024-06-07 00:00:00,SHIPPED,CENTRAL
ORD00499,CUST0197,2024-04-10 00:00:00,DELIVERED,SOUTH
ORD00500,CUST0107,2023-09-14 00:00:00,CANCELLED,WEST
